time,q1_des,q1_real,q1_error,q2_des,q2_real,q2_error,q3_des,q3_real,q3_error,q4_des,q4_real,q4_error,q5_des,q5_real,q5_error,q6_des,q6_real,q6_error,q7_des,q7_real,q7_error,dq1_des,dq1_real,dq1_error,dq2_des,dq2_real,dq2_error,dq3_des,dq3_real,dq3_error,dq4_des,dq4_real,dq4_error,dq5_des,dq5_real,dq5_error,dq6_des,dq6_real,dq6_error,dq7_des,dq7_real,dq7_error,qdd1_cmd,qdd1_real,qdd1_error,qdd2_cmd,qdd2_real,qdd2_error,qdd3_cmd,qdd3_real,qdd3_error,qdd4_cmd,qdd4_real,qdd4_error,qdd5_cmd,qdd5_real,qdd5_error,qdd6_cmd,qdd6_real,qdd6_error,qdd7_cmd,qdd7_real,qdd7_error
0.003665,-0.003876,-0.002497,-0.001379,-0.234684,-0.780281,0.545597,0.006293,0.001424,0.004869,-1.328254,-2.345589,1.017335,-0.008414,-0.005580,-0.002834,1.083316,1.559801,-0.476485,0.732223,0.743904,-0.011680,-0.314719,-0.001134,-0.313585,0.393529,0.000166,0.393363,0.104666,0.001623,0.103043,0.733847,-0.000963,0.734809,0.016257,0.002960,0.013297,-0.352397,0.004828,-0.357225,-0.206594,0.014960,-0.221553,6.000000,nan,nan,2.585000,nan,nan,-0.832044,nan,nan,4.000000,nan,nan,-0.191552,nan,nan,-5.500000,nan,nan,17.000000,nan,nan
0.013436,-0.005284,-0.002551,-0.002734,-0.228172,-0.780283,0.552111,0.007278,0.001458,0.005821,-1.316178,-2.345693,1.029516,-0.008264,-0.005497,-0.002767,1.077538,1.559931,-0.482393,0.731820,0.744320,-0.012501,-0.022188,-0.000289,-0.021899,0.863509,-0.000138,0.863647,0.097411,0.001193,0.096218,1.598254,-0.003046,1.601299,0.014468,0.002265,0.012203,-0.763503,0.004388,-0.767891,0.076075,0.012837,0.063238,6.000000,0.086490,5.913510,2.585000,-0.031054,2.616054,-0.653002,-0.044046,-0.608956,4.000000,-0.213177,4.213177,-0.174733,-0.071093,-0.103641,-5.500000,-0.045021,-5.454979,14.212062,-0.217267,14.429329
0.023442,-0.005265,-0.002551,-0.002714,-0.219089,-0.780283,0.561194,0.008223,0.001458,0.006766,-1.299371,-2.345693,1.046322,-0.008128,-0.005497,-0.002631,1.069518,1.559931,-0.490413,0.732790,0.744320,-0.011531,-0.024878,-0.000289,-0.024589,0.872543,-0.000138,0.872681,0.091794,0.001193,0.090601,1.614769,-0.003046,1.617814,0.012806,0.002265,0.010541,-0.769694,0.004388,-0.774082,0.067497,0.012837,0.054661,-6.000000,0.000000,-6.000000,-2.585000,0.000000,-2.585000,-0.469670,0.000000,-0.469670,-4.000000,0.000000,-4.000000,-0.157512,0.000000,-0.157512,5.500000,0.000000,5.500000,-15.926595,0.000000,-15.926595
0.033428,-0.006377,-0.002551,-0.003827,-0.211492,-0.780283,0.568791,0.009238,0.001458,0.007781,-1.285295,-2.345693,1.060399,-0.007980,-0.005497,-0.002483,1.062827,1.559931,-0.497104,0.732711,0.744320,-0.011610,-0.185905,-0.000289,-0.185616,0.693125,-0.000138,0.693263,0.129612,0.001193,0.128419,1.286425,-0.003046,1.289471,0.020895,0.002265,0.018629,-0.608280,0.004388,-0.612668,-0.052029,0.012837,-0.064866,-6.000000,0.000000,-6.000000,-2.585000,0.000000,-2.585000,3.500000,0.000000,3.500000,-4.000000,0.000000,-4.000000,2.097938,0.000000,2.097938,3.579927,0.000000,3.579927,-1.664500,0.000000,-1.664500
0.043476,-0.008684,-0.002551,-0.006133,-0.204182,-0.780283,0.576101,0.011206,0.001458,0.009749,-1.271706,-2.345693,1.073988,-0.007621,-0.005497,-0.002124,1.056455,1.559931,-0.503476,0.732461,0.744320,-0.011859,-0.262192,-0.000289,-0.261903,0.797083,-0.000138,0.797221,0.272136,0.001193,0.270944,1.483506,-0.003046,1.486552,0.052830,0.002265,0.050565,-0.690334,0.004388,-0.694722,0.024027,0.012837,0.011191,-6.000000,0.000000,-6.000000,2.585000,0.000000,2.585000,3.500000,0.000000,3.500000,4.000000,0.000000,4.000000,1.915107,0.000000,1.915107,-4.252199,0.000000,-4.252199,0.691156,0.000000,0.691156
0.053436,-0.012190,-0.001631,-0.010559,-0.197497,-0.779765,0.582268,0.013388,0.001477,0.011911,-1.259304,-2.345287,1.085983,-0.007223,-0.005625,-0.001598,1.050709,1.559789,-0.509080,0.731272,0.744353,-0.013081,-0.469141,0.028565,-0.497706,0.419227,0.003341,0.415886,0.086753,-0.037678,0.124431,0.769472,0.011789,0.757684,0.009074,-0.010247,0.019322,-0.354377,-0.010683,-0.343694,-0.373303,-0.002306,-0.370997,-6.000000,2.897140,-8.897140,-2.585000,0.349292,-2.934292,-3.500000,-3.902935,0.402935,-4.000000,1.489458,-5.489458,-7.039199,-1.256353,-5.782846,5.500000,-1.513229,7.013229,-17.000000,-1.520382,-15.479618
0.063437,-0.016721,-0.001631,-0.015091,-0.195320,-0.779765,0.584445,0.013158,0.001477,0.011681,-1.255382,-2.345287,1.089905,-0.007371,-0.005625,-0.001746,1.048921,1.559789,-0.510868,0.726540,0.744353,-0.017813,-0.369042,0.028565,-0.397607,0.080180,0.003341,0.076839,-0.097956,-0.037678,-0.060277,0.136967,0.011789,0.125178,-0.029976,-0.010247,-0.019728,-0.060138,-0.010683,-0.049455,-0.469753,-0.002306,-0.467448,6.000000,0.000000,6.000000,-2.585000,0.000000,-2.585000,-3.500000,0.000000,-3.500000,-4.000000,0.000000,-4.000000,-2.140362,0.000000,-2.140362,5.500000,0.000000,5.500000,7.342793,0.000000,7.342793
0.073478,-0.019622,-0.001631,-0.017991,-0.195320,-0.779765,0.584445,0.011709,0.001477,0.010232,-1.255497,-2.345287,1.089790,-0.007761,-0.005625,-0.002136,1.049013,1.559789,-0.510776,0.722117,0.744353,-0.022236,-0.226731,0.028565,-0.255296,-0.059263,0.003341,-0.062603,-0.180854,-0.037678,-0.143176,-0.121460,0.011789,-0.133249,-0.045812,-0.010247,-0.035565,0.060824,-0.010683,0.071507,-0.418880,-0.002306,-0.416574,6.000000,0.000000,6.000000,-2.585000,0.000000,-2.585000,-3.500000,0.000000,-3.500000,-4.000000,0.000000,-4.000000,-1.013971,0.000000,-1.013971,5.500000,0.000000,5.500000,2.790256,0.000000,2.790256
0.083438,-0.021622,-0.002583,-0.019039,-0.196084,-0.778757,0.582673,0.009740,0.001379,0.008361,-1.257037,-2.344414,1.087377,-0.008249,-0.006100,-0.002150,1.049782,1.558173,-0.508391,0.718009,0.744336,-0.026328,-0.192618,-0.055063,-0.137555,-0.073583,0.032844,-0.106426,-0.204925,-0.048895,-0.156030,-0.150307,0.039522,-0.189828,-0.050356,-0.018650,-0.031706,0.076317,-0.094196,0.170513,-0.413538,-0.001158,-0.412380,-1.496886,-8.396835,6.899948,2.585000,2.962282,-0.377282,0.261969,-1.126237,1.388207,4.000000,2.784573,1.215427,0.057855,-0.843725,0.901581,-3.231551,-8.385304,5.153753,-1.530151,0.115244,-1.645395
0.093459,-0.023618,-0.002583,-0.021035,-0.196628,-0.778757,0.582129,0.007697,0.001379,0.006318,-1.258201,-2.344414,1.086213,-0.008752,-0.006100,-0.002652,1.050401,1.558173,-0.507772,0.713795,0.744336,-0.030541,-0.204966,-0.055063,-0.149903,-0.036847,0.032844,-0.069690,-0.203116,-0.048895,-0.154220,-0.085604,0.039522,-0.125125,-0.049953,-0.018650,-0.031302,0.048830,-0.094196,0.143026,-0.426674,-0.001158,-0.425517,-0.967474,0.000000,-0.967474,2.585000,0.000000,2.585000,0.099212,0.000000,0.099212,4.000000,0.000000,4.000000,0.022615,0.000000,0.022615,-2.254314,0.000000,-2.254314,-1.091606,0.000000,-1.091606
0.103505,-0.025717,-0.002583,-0.023134,-0.196861,-0.778757,0.581895,0.005659,0.001379,0.004280,-1.258826,-2.344414,1.085588,-0.009253,-0.006100,-0.003153,1.050794,1.558173,-0.507379,0.709461,0.744336,-0.034876,-0.212020,-0.055063,-0.156957,-0.011626,0.032844,-0.044470,-0.202938,-0.048895,-0.154043,-0.042233,0.039522,-0.081755,-0.049903,-0.018650,-0.031253,0.031103,-0.094196,0.125299,-0.435433,-0.001158,-0.434275,-0.436710,0.000000,-0.436710,1.931815,0.000000,1.931815,-0.063960,0.000000,-0.063960,3.245695,0.000000,3.245695,-0.012715,0.000000,-0.012715,-1.274582,0.000000,-1.274582,-0.651941,0.000000,-0.651941
0.113422,-0.027833,-0.003448,-0.024385,-0.196900,-0.777216,0.580315,0.003640,0.000179,0.003462,-1.259119,-2.342546,1.083427,-0.009749,-0.006357,-0.003392,1.051056,1.553416,-0.502360,0.705118,0.744335,-0.039217,-0.213753,-0.011477,-0.202276,0.001868,0.110792,-0.108924,-0.204371,-0.039873,-0.164499,-0.020532,0.103860,-0.124392,-0.050202,0.008800,-0.059002,0.023259,-0.197316,0.220575,-0.439746,0.002801,-0.442547,0.087201,4.395168,-4.307967,0.789696,7.860191,-7.070495,-0.225026,0.909811,-1.134837,1.130825,6.487762,-5.356938,-0.047588,2.768055,-2.815644,-0.307500,-10.398508,10.091008,-0.217953,0.399238,-0.617191
0.123483,-0.029970,-0.003448,-0.026523,-0.196861,-0.777216,0.580354,0.001570,0.000179,0.001391,-1.259305,-2.342546,1.083241,-0.010257,-0.006357,-0.003900,1.051291,1.553416,-0.502125,0.700690,0.744335,-0.043645,-0.210201,-0.011477,-0.198725,0.003984,0.110792,-0.106808,-0.207457,-0.039873,-0.167585,-0.019949,0.103860,-0.123808,-0.050859,0.008800,-0.059659,0.025101,-0.197316,0.222417,-0.439724,0.002801,-0.442525,0.618727,0.000000,0.618727,-0.369024,0.000000,-0.369024,-0.388433,0.000000,-0.388433,-1.014786,0.000000,-1.014786,-0.082969,0.000000,-0.082969,0.673638,0.000000,0.673638,0.222344,0.000000,0.222344
0.133468,-0.032031,-0.003448,-0.028583,-0.196856,-0.777216,0.580359,-0.000523,0.000179,-0.000702,-1.259586,-2.342546,1.082960,-0.010769,-0.006357,-0.004413,1.051589,1.553416,-0.501827,0.696317,0.744335,-0.048018,-0.202146,-0.011477,-0.190669,-0.003930,0.110792,-0.114722,-0.211881,-0.039873,-0.172008,-0.037914,0.103860,-0.141774,-0.051806,0.008800,-0.060606,0.035407,-0.197316,0.232724,-0.435901,0.002801,-0.438703,0.831656,0.000000,0.831656,-0.889831,0.000000,-0.889831,-0.440518,0.000000,-0.440518,-1.979825,0.000000,-1.979825,-0.094428,0.000000,-0.094428,1.114347,0.000000,1.114347,0.418388,0.000000,0.418388
0.143464,-0.034012,-0.003448,-0.030564,-0.196937,-0.777216,0.580278,-0.002662,0.000179,-0.002841,-1.260059,-2.342546,1.082487,-0.011292,-0.006357,-0.004935,1.051996,1.553416,-0.501419,0.691979,0.744335,-0.052356,-0.194464,-0.011477,-0.182987,-0.012037,0.110792,-0.122829,-0.215951,-0.039873,-0.176078,-0.056253,0.103860,-0.160113,-0.052679,0.008800,-0.061479,0.045876,-0.197316,0.243193,-0.432038,0.002801,-0.434839,0.705346,0.000000,0.705346,-0.732273,0.000000,-0.732273,-0.373859,0.000000,-0.373859,-1.689441,0.000000,-1.689441,-0.080373,0.000000,-0.080373,0.980351,0.000000,0.980351,0.354660,0.000000,0.354660
0.153434,-0.035918,-0.003952,-0.031966,-0.197091,-0.772694,0.575603,-0.004832,-0.001533,-0.003299,-1.260699,-2.335623,1.074925,-0.011821,-0.006406,-0.005415,1.052500,1.542315,-0.489814,0.687688,0.744330,-0.056642,-0.188059,-0.012148,-0.175911,-0.018554,0.172132,-0.190687,-0.219347,-0.057529,-0.161818,-0.071654,0.268120,-0.339774,-0.053411,0.002126,-0.055537,0.054985,-0.414556,0.469541,-0.428818,0.000837,-0.429656,0.579354,-0.067355,0.646708,-0.575113,6.152102,-6.727214,-0.307369,-1.770877,1.463508,-1.399789,16.474398,-17.874186,-0.066353,-0.669334,0.602981,0.846692,-21.787941,22.634633,0.291092,-0.196977,0.488070
0.163442,-0.037773,-0.003952,-0.033821,-0.197303,-0.772694,0.575391,-0.007042,-0.001533,-0.005509,-1.261481,-2.335623,1.074142,-0.012358,-0.006406,-0.005952,1.053091,1.542315,-0.489224,0.683410,0.744330,-0.060920,-0.182894,-0.012148,-0.170746,-0.023521,0.172132,-0.195653,-0.222089,-0.057529,-0.164560,-0.084207,0.268120,-0.352327,-0.054005,0.002126,-0.056131,0.062787,-0.414556,0.477343,-0.426224,0.000837,-0.427062,0.452896,0.000000,0.452896,-0.417372,0.000000,-0.417372,-0.240633,0.000000,-0.240633,-1.109067,0.000000,-1.109067,-0.052282,0.000000,-0.052282,0.712540,0.000000,0.712540,0.227290,0.000000,0.227290
0.173460,-0.039584,-0.003952,-0.035633,-0.197557,-0.772694,0.575137,-0.009278,-0.001533,-0.007745,-1.262375,-2.335623,1.073248,-0.012902,-0.006406,-0.006496,1.053753,1.542315,-0.488561,0.679151,0.744330,-0.065180,-0.178991,-0.012148,-0.166843,-0.026911,0.172132,-0.199043,-0.224165,-0.057529,-0.166636,-0.093861,0.268120,-0.361981,-0.054458,0.002126,-0.056584,0.069253,-0.414556,0.483809,-0.424267,0.000837,-0.425105,0.326299,0.000000,0.326299,-0.259456,0.000000,-0.259456,-0.173823,0.000000,-0.173823,-0.818023,0.000000,-0.818023,-0.038195,0.000000,-0.038195,0.578239,0.000000,0.578239,0.163417,0.000000,0.163417
0.183527,-0.041372,-0.004243,-0.037129,-0.197838,-0.763914,0.566075,-0.011542,-0.002221,-0.009321,-1.263357,-2.324504,1.061148,-0.013452,-0.006432,-0.007020,1.054477,1.522045,-0.467568,0.674887,0.744322,-0.069435,-0.176347,-0.000256,-0.176091,-0.028724,0.280336,-0.309060,-0.225577,-0.020348,-0.205229,-0.100623,0.403698,-0.504321,-0.054771,-0.001189,-0.053582,0.074394,-0.745495,0.819889,-0.422945,0.000280,-0.423225,0.199100,1.181422,-0.982323,-0.100789,10.749204,-10.849994,-0.106695,3.693653,-3.800348,-0.525595,13.468584,-13.994179,-0.024042,-0.329394,0.305353,0.443299,-32.876232,33.319531,0.099240,-0.055362,0.154602
0.193534,-0.043129,-0.004243,-0.038886,-0.198128,-0.763914,0.565785,-0.013804,-0.002221,-0.011583,-1.264385,-2.324504,1.060119,-0.014001,-0.006432,-0.007569,1.055242,1.522045,-0.466803,0.670658,0.744322,-0.073664,-0.174987,-0.000256,-0.174731,-0.028943,0.280336,-0.309280,-0.226311,-0.020348,-0.205963,-0.104428,0.403698,-0.508126,-0.054941,-0.001189,-0.053752,0.078159,-0.745495,0.823654,-0.422271,0.000280,-0.422552,0.072637,0.000000,0.072637,0.056958,0.000000,0.056958,-0.039957,0.000000,-0.039957,-0.234861,0.000000,-0.234861,-0.009970,0.000000,-0.009970,0.309141,0.000000,0.309141,0.035435,0.000000,0.035435
0.203492,-0.044869,-0.004243,-0.040627,-0.198412,-0.763914,0.565502,-0.016058,-0.002221,-0.013837,-1.265433,-2.324504,1.059072,-0.014548,-0.006432,-0.008116,1.056034,1.522045,-0.466012,0.666454,0.744322,-0.077868,-0.174703,-0.000256,-0.174447,-0.027848,0.280336,-0.308184,-0.226469,-0.020348,-0.206120,-0.105792,0.403698,-0.509489,-0.054990,-0.001189,-0.053801,0.080787,-0.745495,0.826282,-0.422129,0.000280,-0.422409,0.018350,0.000000,0.018350,0.117187,0.000000,0.117187,-0.008134,0.000000,-0.008134,-0.123205,0.000000,-0.123205,-0.003356,0.000000,-0.003356,0.257556,0.000000,0.257556,0.012303,0.000000,0.012303
0.213543,-0.046624,-0.004276,-0.042348,-0.198686,-0.752262,0.553576,-0.018335,-0.003116,-0.015219,-1.266503,-2.307774,1.041271,-0.015101,-0.006439,-0.008662,1.056859,1.490091,-0.433232,0.662212,0.744308,-0.082096,-0.174466,-0.004160,-0.170306,-0.026807,0.450087,-0.476895,-0.226547,-0.019415,-0.207133,-0.107277,0.592976,-0.700253,-0.055024,-0.001248,-0.053776,0.083489,-1.131066,1.214556,-0.421938,0.001258,-0.423196,0.028706,-0.388431,0.417137,0.089890,16.887574,-16.797684,-0.007505,0.092872,-0.100377,-0.172262,18.830240,-19.002503,-0.003409,-0.005803,0.002394,0.280073,-38.358277,38.638350,0.025704,0.097252,-0.071548
0.223442,-0.048350,-0.004276,-0.044074,-0.198947,-0.752262,0.553315,-0.020578,-0.003116,-0.017461,-1.267574,-2.307774,1.040200,-0.015646,-0.006439,-0.009207,1.057700,1.490091,-0.432392,0.658037,0.744308,-0.086271,-0.174132,-0.004160,-0.169972,-0.026051,0.450087,-0.476138,-0.226619,-0.019415,-0.207204,-0.109221,0.592976,-0.702197,-0.055058,-0.001248,-0.053810,0.086371,-1.131066,1.217438,-0.421618,0.001258,-0.422876,0.038904,0.000000,0.038904,0.063008,0.000000,0.063008,-0.006886,0.000000,-0.006886,-0.220573,0.000000,-0.220573,-0.003460,0.000000,-0.003460,0.302247,0.000000,0.302247,0.038901,0.000000,0.038901
0.233435,-0.050088,-0.004276,-0.045812,-0.199205,-0.752262,0.553057,-0.022843,-0.003116,-0.019726,-1.268678,-2.307774,1.039097,-0.016196,-0.006439,-0.009757,1.058578,1.490091,-0.431513,0.653826,0.744308,-0.090482,-0.173692,-0.004160,-0.169531,-0.025557,0.450087,-0.475644,-0.226684,-0.019415,-0.207270,-0.111669,0.592976,-0.704645,-0.055093,-0.001248,-0.053845,0.089504,-1.131066,1.220570,-0.421163,0.001258,-0.422421,0.049199,0.000000,0.049199,0.035870,0.000000,0.035870,-0.006261,0.000000,-0.006261,-0.269345,0.000000,-0.269345,-0.003512,0.000000,-0.003512,0.324634,0.000000,0.324634,0.052224,0.000000,0.052224
0.243457,-0.051826,-0.004276,-0.047550,-0.199460,-0.752262,0.552802,-0.025115,-0.003116,-0.021999,-1.269811,-2.307774,1.037963,-0.016749,-0.006439,-0.010310,1.059492,1.490091,-0.430599,0.649608,0.744308,-0.094700,-0.173147,-0.004160,-0.168987,-0.025333,0.450087,-0.475421,-0.226744,-0.019415,-0.207329,-0.114613,0.592976,-0.707590,-0.055128,-0.001248,-0.053881,0.092870,-1.131066,1.223936,-0.420573,0.001258,-0.421830,0.059524,0.000000,0.059524,0.008654,0.000000,0.008654,-0.005634,0.000000,-0.005634,-0.318256,0.000000,-0.318256,-0.003564,0.000000,-0.003564,0.347084,0.000000,0.347084,0.065585,0.000000,0.065585
0.253431,-0.053550,-0.004410,-0.049139,-0.199713,-0.734562,0.534849,-0.027377,-0.003451,-0.023926,-1.270971,-2.282885,1.011914,-0.017299,-0.006448,-0.010850,1.060436,1.443445,-0.383009,0.645417,0.744276,-0.098860,-0.172502,-0.003505,-0.168997,-0.025382,0.586358,-0.611740,-0.226797,-0.015364,-0.211433,-0.118030,0.851983,-0.970014,-0.055164,-0.002375,-0.052789,0.096443,-1.520603,1.617046,-0.419852,-0.002650,-0.417202,0.069799,0.065687,0.004112,-0.018431,13.663214,-13.681645,-0.005010,0.406113,-0.411123,-0.366931,25.969395,-26.336326,-0.003616,-0.113049,0.109432,0.369426,-39.056983,39.426409,0.078882,-0.391822,0.470704
0.263463,-0.055276,-0.004410,-0.050866,-0.199969,-0.734562,0.534593,-0.029652,-0.003451,-0.026202,-1.272174,-2.282885,1.010711,-0.017852,-0.006448,-0.011404,1.061422,1.443445,-0.382023,0.641209,0.744276,-0.103067,-0.171750,-0.003505,-0.168245,-0.025704,0.586358,-0.612062,-0.226844,-0.015364,-0.211480,-0.121957,0.851983,-0.973940,-0.055201,-0.002375,-0.052825,0.100261,-1.520603,1.620865,-0.418994,-0.002650,-0.416344,0.080134,0.000000,0.080134,-0.045674,0.000000,-0.045674,-0.004382,0.000000,-0.004382,-0.415891,0.000000,-0.415891,-0.003668,0.000000,-0.003668,0.391898,0.000000,0.391898,0.092257,0.000000,0.092257
0.273516,-0.056999,-0.004410,-0.052588,-0.200230,-0.734562,0.534332,-0.031933,-0.003451,-0.028482,-1.273422,-2.282885,1.009463,-0.018407,-0.006448,-0.011959,1.062450,1.443445,-0.380994,0.637002,0.744276,-0.107275,-0.170892,-0.003505,-0.167387,-0.026300,0.586358,-0.612658,-0.226885,-0.015364,-0.211521,-0.126385,0.851983,-0.978368,-0.055238,-0.002375,-0.052863,0.104315,-1.520603,1.624918,-0.417999,-0.002650,-0.415349,0.090491,0.000000,0.090491,-0.072975,0.000000,-0.072975,-0.003753,0.000000,-0.003753,-0.464956,0.000000,-0.464956,-0.003721,0.000000,-0.003721,0.414419,0.000000,0.414419,0.105660,0.000000,0.105660
0.283421,-0.058687,-0.004729,-0.053958,-0.200494,-0.710696,0.510202,-0.034180,-0.003793,-0.030387,-1.274698,-2.249746,0.975049,-0.018955,-0.006459,-0.012496,1.063504,1.384784,-0.321280,0.632867,0.744222,-0.111355,-0.169945,-0.017062,-0.152883,-0.027156,0.793994,-0.821150,-0.226919,-0.000598,-0.226322,-0.131229,1.082355,-1.213584,-0.055275,-0.001774,-0.053501,0.108529,-1.916685,2.025214,-0.416887,-0.000074,-0.416813,0.100695,-1.368757,1.469452,-0.099873,20.963520,-21.063393,-0.003133,1.490911,-1.494044,-0.513295,23.259063,-23.772358,-0.003772,0.060663,-0.064436,0.436606,-39.989634,40.426241,0.118865,0.260135,-0.141270
0.293433,-0.060383,-0.004729,-0.055655,-0.200772,-0.710696,0.509925,-0.036452,-0.003793,-0.032659,-1.276038,-2.249746,0.973708,-0.019508,-0.006459,-0.013049,1.064613,1.384784,-0.320171,0.628699,0.744222,-0.115523,-0.168886,-0.017062,-0.151824,-0.028292,0.793994,-0.822285,-0.226947,-0.000598,-0.226350,-0.136612,1.082355,-1.218967,-0.055313,-0.001774,-0.053539,0.113012,-1.916685,2.029697,-0.415630,-0.000074,-0.415557,0.109608,0.000000,0.109608,-0.125162,0.000000,-0.125162,-0.001838,0.000000,-0.001838,-0.558720,0.000000,-0.558720,-0.003650,0.000000,-0.003650,0.457315,0.000000,0.457315,0.131448,0.000000,0.131448
0.303507,-0.062079,-0.004729,-0.057351,-0.201063,-0.710696,0.509633,-0.038739,-0.003793,-0.034946,-1.277442,-2.249746,0.972304,-0.020066,-0.006459,-0.013607,1.065775,1.384784,-0.319010,0.624518,0.744222,-0.119703,-0.167864,-0.017062,-0.150802,-0.029508,0.793994,-0.823501,-0.226898,-0.000598,-0.226301,-0.142157,1.082355,-1.224513,-0.055333,-0.001774,-0.053559,0.117568,-1.916685,2.034252,-0.414312,-0.000074,-0.414238,0.093192,0.000000,0.093192,-0.116207,0.000000,-0.116207,0.011576,0.000000,0.011576,-0.542156,0.000000,-0.542156,-0.000360,0.000000,-0.000360,0.447005,0.000000,0.447005,0.130261,0.000000,0.130261
0.313396,-0.063735,-0.005328,-0.058407,-0.201360,-0.681246,0.479886,-0.040982,-0.003894,-0.037088,-1.278874,-2.208239,0.929364,-0.020613,-0.006478,-0.014135,1.066959,1.317316,-0.250357,0.620428,0.744042,-0.123615,-0.167022,-0.023083,-0.143939,-0.030613,0.989309,-1.019922,-0.226719,-0.002408,-0.224311,-0.147438,1.418452,-1.565891,-0.055321,-0.001356,-0.053965,0.121938,-2.175347,2.297285,-0.413030,-0.007546,-0.405484,0.077078,-0.608875,0.685953,-0.107416,19.750845,-19.858261,0.024742,-0.183072,0.207814,-0.525898,33.987067,-34.512965,0.002869,0.042353,-0.039484,0.436885,-26.156617,26.593502,0.129095,-0.755603,0.884699
0.323494,-0.065418,-0.005328,-0.060090,-0.201675,-0.681246,0.479572,-0.043270,-0.003894,-0.039376,-1.280390,-2.208239,0.927849,-0.021171,-0.006478,-0.014693,1.068212,1.317316,-0.249103,0.616263,0.744042,-0.127779,-0.166327,-0.023083,-0.143244,-0.031653,0.989309,-1.020962,-0.226401,-0.002408,-0.223993,-0.152665,1.418452,-1.571117,-0.055275,-0.001356,-0.053919,0.126297,-2.175347,2.301644,-0.411732,-0.007546,-0.404186,0.060624,0.000000,0.060624,-0.098439,0.000000,-0.098439,0.038187,0.000000,0.038187,-0.509296,0.000000,-0.509296,0.006167,0.000000,0.006167,0.426551,0.000000,0.426551,0.127905,0.000000,0.127905
0.333488,-0.067078,-0.005328,-0.061750,-0.201996,-0.681246,0.479251,-0.045530,-0.003894,-0.041636,-1.281941,-2.208239,0.926298,-0.021723,-0.006478,-0.015245,1.069496,1.317316,-0.247820,0.612155,0.744042,-0.131887,-0.165803,-0.023083,-0.142719,-0.032592,0.989309,-1.021901,-0.225953,-0.002408,-0.223545,-0.157673,1.418452,-1.576125,-0.055197,-0.001356,-0.053842,0.130509,-2.175347,2.305856,-0.410460,-0.007546,-0.402914,0.044340,0.000000,0.044340,-0.089555,0.000000,-0.089555,0.051493,0.000000,0.051493,-0.492865,0.000000,-0.492865,0.009430,0.000000,0.009430,0.416324,0.000000,0.416324,0.126727,0.000000,0.126727
0.343455,-0.068728,-0.005328,-0.063400,-0.202325,-0.681246,0.478921,-0.047779,-0.003894,-0.043885,-1.283536,-2.208239,0.924702,-0.022273,-0.006478,-0.015795,1.070817,1.317316,-0.246499,0.608070,0.744042,-0.135972,-0.165442,-0.023083,-0.142358,-0.033440,0.989309,-1.022749,-0.225373,-0.002408,-0.222965,-0.162504,1.418452,-1.580956,-0.055087,-0.001356,-0.053731,0.134608,-2.175347,2.309955,-0.409202,-0.007546,-0.401657,0.028099,0.000000,0.028099,-0.080695,0.000000,-0.080695,0.064764,0.000000,0.064764,-0.476478,0.000000,-0.476478,0.012685,0.000000,0.012685,0.406124,0.000000,0.406124,0.125552,0.000000,0.125552
0.353423,-0.070376,-0.006204,-0.064172,-0.202662,-0.643551,0.440889,-0.050023,-0.004097,-0.045925,-1.285180,-2.154942,0.869762,-0.022821,-0.006465,-0.016356,1.072179,1.239689,-0.167510,0.603997,0.743674,-0.139677,-0.165243,-0.035222,-0.130021,-0.034201,1.165547,-1.199748,-0.224662,-0.005191,-0.219470,-0.167172,1.719964,-1.887136,-0.054944,0.004294,-0.059238,0.138605,-2.331773,2.470378,-0.407957,-0.015403,-0.392553,0.011856,-1.217713,1.229570,-0.071834,17.679884,-17.751718,0.078036,-0.279235,0.357271,-0.460089,30.247117,-30.707206,0.015940,0.566738,-0.550798,0.395923,-15.692321,16.088244,0.124378,-0.788254,0.912632
0.363428,-0.072029,-0.006204,-0.065825,-0.203008,-0.643551,0.440544,-0.052266,-0.004097,-0.048169,-1.286875,-2.154942,0.868067,-0.023370,-0.006465,-0.016905,1.073585,1.239689,-0.166103,0.599922,0.743674,-0.143752,-0.165206,-0.035222,-0.129984,-0.034875,1.165547,-1.200422,-0.223814,-0.005191,-0.218623,-0.171692,1.719964,-1.891657,-0.054768,0.004294,-0.059062,0.142515,-2.331773,2.474288,-0.406718,-0.015403,-0.391315,-0.004446,0.000000,-0.004446,-0.062940,0.000000,-0.062940,0.091357,0.000000,0.091357,-0.443640,0.000000,-0.443640,0.019207,0.000000,0.019207,0.385684,0.000000,0.385684,0.123198,0.000000,0.123198
0.373583,-0.073707,-0.006204,-0.067503,-0.203365,-0.643551,0.440186,-0.054534,-0.004097,-0.050436,-1.288641,-2.154942,0.866301,-0.023925,-0.006465,-0.017460,1.075052,1.239689,-0.164637,0.595798,0.743674,-0.147876,-0.165335,-0.035222,-0.130113,-0.035468,1.165547,-1.201015,-0.222818,-0.005191,-0.217626,-0.176113,1.719964,-1.896077,-0.054557,0.004294,-0.058850,0.146379,-2.331773,2.478152,-0.405473,-0.015403,-0.390070,-0.020992,0.000000,-0.020992,-0.053913,0.000000,-0.053913,0.104877,0.000000,0.104877,-0.426945,0.000000,-0.426945,0.022523,0.000000,0.022523,0.375292,0.000000,0.375292,0.122002,0.000000,0.122002
0.383421,-0.075335,-0.006800,-0.068535,-0.203716,-0.620073,0.416357,-0.056721,-0.004217,-0.052504,-1.290394,-2.121965,0.831571,-0.024461,-0.006524,-0.017937,1.076510,1.196444,-0.119933,0.591815,0.743433,-0.151618,-0.165620,-0.031604,-0.134016,-0.035955,1.284635,-1.320591,-0.221722,-0.009204,-0.212518,-0.180233,1.826898,-2.007131,-0.054319,-0.012989,-0.041330,0.150022,-2.351662,2.501684,-0.404279,-0.012025,-0.392254,-0.037023,0.367694,-0.404717,-0.045167,12.105115,-12.150283,0.117975,-0.407867,0.525843,-0.410771,10.869644,-11.280415,0.025735,-1.756812,1.782547,0.365225,-2.021747,2.386972,0.120842,0.343407,-0.222565
0.393431,-0.076995,-0.006800,-0.070195,-0.204078,-0.620073,0.415995,-0.058934,-0.004217,-0.054717,-1.292218,-2.121965,0.829747,-0.025003,-0.006524,-0.018479,1.078030,1.196444,-0.118414,0.587774,0.743433,-0.155658,-0.166072,-0.031604,-0.134468,-0.036363,1.284635,-1.320999,-0.220474,-0.009204,-0.211270,-0.184263,1.826898,-2.011161,-0.054045,-0.012989,-0.041056,0.153626,-2.351662,2.505288,-0.403075,-0.012025,-0.391050,-0.053333,0.000000,-0.053333,-0.036269,0.000000,-0.036269,0.131303,0.000000,0.131303,-0.394313,0.000000,-0.394313,0.029004,0.000000,0.029004,0.354981,0.000000,0.354981,0.119662,0.000000,0.119662
0.403472,-0.078666,-0.006800,-0.071866,-0.204445,-0.620073,0.415628,-0.061141,-0.004217,-0.056924,-1.294088,-2.121965,0.827877,-0.025544,-0.006524,-0.019021,1.079590,1.196444,-0.116853,0.583733,0.743433,-0.159700,-0.166678,-0.031604,-0.135074,-0.036705,1.284635,-1.321340,-0.219095,-0.009204,-0.209891,-0.188172,1.826898,-2.015070,-0.053741,-0.012989,-0.040751,0.157169,-2.351662,2.508831,-0.401879,-0.012025,-0.389854,-0.063338,0.000000,-0.063338,-0.039338,0.000000,-0.039338,0.141074,0.000000,0.141074,-0.395230,0.000000,-0.395230,0.030607,0.000000,0.030607,0.360614,0.000000,0.360614,0.118588,0.000000,0.118588
0.413424,-0.080328,-0.006800,-0.073527,-0.204813,-0.620073,0.415261,-0.063314,-0.004217,-0.059098,-1.295981,-2.121965,0.825984,-0.026078,-0.006524,-0.019554,1.081173,1.196444,-0.115271,0.579739,0.743433,-0.163694,-0.167305,-0.031604,-0.135700,-0.037211,1.284635,-1.321847,-0.217673,-0.009204,-0.208469,-0.192255,1.826898,-2.019153,-0.053442,-0.012989,-0.040453,0.160918,-2.351662,2.512580,-0.400703,-0.012025,-0.388678,-0.062630,0.000000,-0.062630,-0.062423,0.000000,-0.062423,0.144745,0.000000,0.144745,-0.425254,0.000000,-0.425254,0.029395,0.000000,0.029395,0.392779,0.000000,0.392779,0.117707,0.000000,0.117707
0.423486,-0.082014,-0.006800,-0.075214,-0.205191,-0.620073,0.414883,-0.065497,-0.004217,-0.061281,-1.297937,-2.121965,0.824028,-0.026614,-0.006524,-0.020090,1.082812,1.196444,-0.113631,0.575714,0.743433,-0.167719,-0.167931,-0.031604,-0.136327,-0.037957,1.284635,-1.322592,-0.216198,-0.009204,-0.206994,-0.196686,1.826898,-2.023584,-0.053153,-0.012989,-0.040163,0.165033,-2.351662,2.516696,-0.399523,-0.012025,-0.387499,-0.061914,0.000000,-0.061914,-0.085762,0.000000,-0.085762,0.148456,0.000000,0.148456,-0.455608,0.000000,-0.455608,0.028170,0.000000,0.028170,0.425296,0.000000,0.425296,0.116815,0.000000,0.116815
0.433429,-0.083687,-0.006800,-0.076887,-0.205573,-0.620073,0.414501,-0.067639,-0.004217,-0.063423,-1.299916,-2.121965,0.822049,-0.027141,-0.006524,-0.020617,1.084475,1.196444,-0.111969,0.571747,0.743433,-0.171686,-0.168544,-0.031604,-0.136939,-0.038924,1.284635,-1.323560,-0.214704,-0.009204,-0.205500,-0.201365,1.826898,-2.028264,-0.052878,-0.012989,-0.039889,0.169422,-2.351662,2.521084,-0.398366,-0.012025,-0.386341,-0.061207,0.000000,-0.061207,-0.108827,0.000000,-0.108827,0.152123,0.000000,0.152123,-0.485606,0.000000,-0.485606,0.026958,0.000000,0.026958,0.457433,0.000000,0.457433,0.115934,0.000000,0.115934
0.443457,-0.085380,-0.006800,-0.078580,-0.205969,-0.620073,0.414104,-0.069785,-0.004217,-0.065568,-1.301960,-2.121965,0.820005,-0.027670,-0.006524,-0.021146,1.086197,1.196444,-0.110246,0.567758,0.743433,-0.175675,-0.169154,-0.031604,-0.137549,-0.040132,1.284635,-1.324767,-0.213160,-0.009204,-0.203956,-0.206387,1.826898,-2.033285,-0.052614,-0.012989,-0.039625,0.174171,-2.351662,2.525834,-0.397208,-0.012025,-0.385183,-0.060493,0.000000,-0.060493,-0.132087,0.000000,-0.132087,0.155822,0.000000,0.155822,-0.515859,0.000000,-0.515859,0.025737,0.000000,0.025737,0.489842,0.000000,0.489842,0.115046,0.000000,0.115046
0.453468,-0.087076,-0.006800,-0.080276,-0.206378,-0.620073,0.413696,-0.071911,-0.004217,-0.067694,-1.304053,-2.121965,0.817912,-0.028196,-0.006524,-0.021672,1.087966,1.196444,-0.108477,0.563787,0.743433,-0.179646,-0.169756,-0.031604,-0.138151,-0.041571,1.284635,-1.326206,-0.211581,-0.009204,-0.202377,-0.211702,1.826898,-2.038600,-0.052363,-0.012989,-0.039373,0.179237,-2.351662,2.530900,-0.396061,-0.012025,-0.384036,-0.059781,0.000000,-0.059781,-0.155310,0.000000,-0.155310,0.159515,0.000000,0.159515,-0.546063,0.000000,-0.546063,0.024518,0.000000,0.024518,0.522199,0.000000,0.522199,0.114159,0.000000,0.114159
0.463427,-0.088770,-0.006800,-0.081970,-0.206800,-0.620073,0.413274,-0.074010,-0.004217,-0.069793,-1.306189,-2.121965,0.815776,-0.028716,-0.006524,-0.022192,1.089778,1.196444,-0.106666,0.559848,0.743433,-0.183585,-0.170348,-0.031604,-0.138743,-0.043232,1.284635,-1.327868,-0.209974,-0.009204,-0.200770,-0.217290,1.826898,-2.044188,-0.052125,-0.012989,-0.039135,0.184598,-2.351662,2.536261,-0.394928,-0.012025,-0.382903,-0.059073,0.000000,-0.059073,-0.178412,0.000000,-0.178412,0.163188,0.000000,0.163188,-0.576109,0.000000,-0.576109,0.023305,0.000000,0.023305,0.554387,0.000000,0.554387,0.113276,0.000000,0.113276
0.473449,-0.090480,-0.006800,-0.083680,-0.207242,-0.620073,0.412831,-0.076106,-0.004217,-0.071890,-1.308396,-2.121965,0.813569,-0.029237,-0.006524,-0.022713,1.091656,1.196444,-0.104787,0.555896,0.743433,-0.187537,-0.170936,-0.031604,-0.139332,-0.045137,1.284635,-1.329772,-0.208320,-0.009204,-0.199116,-0.223216,1.826898,-2.050114,-0.051897,-0.012989,-0.038908,0.190317,-2.351662,2.541979,-0.393798,-0.012025,-0.381773,-0.058360,0.000000,-0.058360,-0.201660,0.000000,-0.201660,0.166885,0.000000,0.166885,-0.606345,0.000000,-0.606345,0.022084,0.000000,0.022084,0.586779,0.000000,0.586779,0.112389,0.000000,0.112389
0.483486,-0.092199,-0.006800,-0.085399,-0.207706,-0.620073,0.412367,-0.078189,-0.004217,-0.073972,-1.310667,-2.121965,0.811298,-0.029757,-0.006524,-0.023233,1.093596,1.196444,-0.102847,0.551949,0.743433,-0.191484,-0.171518,-0.031604,-0.139914,-0.047278,1.284635,-1.331913,-0.206627,-0.009204,-0.197423,-0.229453,1.826898,-2.056351,-0.051682,-0.012989,-0.038692,0.196369,-2.351662,2.548031,-0.392674,-0.012025,-0.380649,-0.057646,0.000000,-0.057646,-0.224941,0.000000,-0.224941,0.170587,0.000000,0.170587,-0.636624,0.000000,-0.636624,0.020862,0.000000,0.020862,0.619217,0.000000,0.619217,0.111499,0.000000,0.111499
0.493486,-0.093917,-0.006800,-0.087117,-0.208190,-0.620073,0.411884,-0.080246,-0.004217,-0.076030,-1.312993,-2.121965,0.808972,-0.030273,-0.006524,-0.023749,1.095590,1.196444,-0.100853,0.548028,0.743433,-0.195405,-0.172037,-0.031604,-0.140432,-0.049350,1.284635,-1.333985,-0.204974,-0.009204,-0.195770,-0.235560,1.826898,-2.062458,-0.051472,-0.012989,-0.038482,0.202302,-2.351662,2.553964,-0.391506,-0.012025,-0.379481,-0.042909,0.000000,-0.042909,-0.172286,0.000000,-0.172286,0.155867,0.000000,0.155867,-0.560675,0.000000,-0.560675,0.021502,0.000000,0.021502,0.542799,0.000000,0.542799,0.125473,0.000000,0.125473
0.503526,-0.095646,-0.006800,-0.088846,-0.208693,-0.620073,0.411381,-0.082297,-0.004217,-0.078080,-1.315385,-2.121965,0.806580,-0.030788,-0.006524,-0.024265,1.097647,1.196444,-0.098797,0.544104,0.743433,-0.199329,-0.172373,-0.031604,-0.140768,-0.050702,1.284635,-1.335338,-0.203510,-0.009204,-0.194306,-0.240650,1.826898,-2.067548,-0.051250,-0.012989,-0.038261,0.207206,-2.351662,2.558868,-0.390154,-0.012025,-0.378129,-0.023999,0.000000,-0.023999,-0.097168,0.000000,-0.097168,0.135687,0.000000,0.135687,-0.453289,0.000000,-0.453289,0.022690,0.000000,0.022690,0.434174,0.000000,0.434174,0.143862,0.000000,0.143862
0.513570,-0.097378,-0.006800,-0.090578,-0.209205,-0.620073,0.410868,-0.084334,-0.004217,-0.080118,-1.317823,-2.121965,0.804142,-0.031302,-0.006524,-0.024778,1.099748,1.196444,-0.096695,0.540193,0.743433,-0.203240,-0.172519,-0.031604,-0.140914,-0.051301,1.284635,-1.335936,-0.202249,-0.009204,-0.193045,-0.244663,1.826898,-2.071561,-0.051016,-0.012989,-0.038027,0.211021,-2.351662,2.562683,-0.388617,-0.012025,-0.376592,-0.005080,0.000000,-0.005080,-0.022016,0.000000,-0.022016,0.115499,0.000000,0.115499,-0.345856,0.000000,-0.345856,0.023879,0.000000,0.023879,0.325501,0.000000,0.325501,0.162260,0.000000,0.162260
0.523466,-0.099085,-0.006800,-0.092285,-0.209713,-0.620073,0.410360,-0.086331,-0.004217,-0.082114,-1.320259,-2.121965,0.801706,-0.031806,-0.006524,-0.025282,1.101851,1.196444,-0.094593,0.536355,0.743433,-0.207077,-0.172477,-0.031604,-0.140872,-0.051152,1.284635,-1.335788,-0.201204,-0.009204,-0.192000,-0.247562,1.826898,-2.074460,-0.050774,-0.012989,-0.037785,0.213713,-2.351662,2.565375,-0.386921,-0.012025,-0.374896,0.013560,0.000000,0.013560,0.052028,0.000000,0.052028,0.095608,0.000000,0.095608,-0.240006,0.000000,-0.240006,0.025051,0.000000,0.025051,0.218430,0.000000,0.218430,0.180386,0.000000,0.180386
0.533790,-0.100865,-0.006800,-0.094065,-0.210237,-0.620073,0.409836,-0.088403,-0.004217,-0.084186,-1.322826,-2.121965,0.799139,-0.032328,-0.006524,-0.025805,1.104067,1.196444,-0.092377,0.532371,0.743433,-0.211062,-0.172236,-0.031604,-0.140632,-0.050217,1.284635,-1.334852,-0.200324,-0.009204,-0.191120,-0.249470,1.826898,-2.076368,-0.050509,-0.012989,-0.037520,0.215391,-2.351662,2.567053,-0.384961,-0.012025,-0.372936,0.033005,0.000000,0.033005,0.129270,0.000000,0.129270,0.074858,0.000000,0.074858,-0.129584,0.000000,-0.129584,0.026272,0.000000,0.026272,0.106733,0.000000,0.106733,0.199295,0.000000,0.199295
0.543558,-0.102545,-0.006800,-0.095745,-0.210720,-0.620073,0.409353,-0.090357,-0.004217,-0.086140,-1.325267,-2.121965,0.796698,-0.032820,-0.006524,-0.026297,1.106174,1.196444,-0.090269,0.528620,0.743433,-0.214813,-0.171824,-0.031604,-0.140220,-0.048597,1.284635,-1.333232,-0.199689,-0.009204,-0.190485,-0.250225,1.826898,-2.077123,-0.050247,-0.012989,-0.037257,0.215918,-2.351662,2.567580,-0.382927,-0.012025,-0.370902,0.051403,0.000000,0.051403,0.202355,0.000000,0.202355,0.055224,0.000000,0.055224,-0.025105,0.000000,-0.025105,0.027429,0.000000,0.027429,0.001049,0.000000,0.001049,0.217187,0.000000,0.217187
0.553432,-0.104239,-0.006800,-0.097439,-0.211189,-0.620073,0.408884,-0.092326,-0.004217,-0.088109,-1.327737,-2.121965,0.794228,-0.033315,-0.006524,-0.026792,1.108304,1.196444,-0.088139,0.524850,0.743433,-0.218583,-0.171225,-0.031604,-0.139620,-0.046234,1.284635,-1.330870,-0.199241,-0.009204,-0.190037,-0.249952,1.826898,-2.076850,-0.049970,-0.012989,-0.036981,0.215401,-2.351662,2.567063,-0.380693,-0.012025,-0.368668,0.070000,0.000000,0.070000,0.276230,0.000000,0.276230,0.035379,0.000000,0.035379,0.080504,0.000000,0.080504,0.028597,0.000000,0.028597,-0.105779,0.000000,-0.105779,0.235272,0.000000,0.235272
0.563521,-0.105963,-0.006800,-0.099163,-0.211641,-0.620073,0.408433,-0.094334,-0.004217,-0.090118,-1.330254,-2.121965,0.791711,-0.033818,-0.006524,-0.027294,1.110471,1.196444,-0.085972,0.521022,0.743433,-0.222411,-0.170476,-0.031604,-0.138872,-0.043324,1.284635,-1.327960,-0.198923,-0.009204,-0.189719,-0.248953,1.826898,-2.075851,-0.049680,-0.012989,-0.036690,0.214156,-2.351662,2.565818,-0.378290,-0.012025,-0.366265,0.070857,0.000000,0.070857,0.264593,0.000000,0.264593,0.036562,0.000000,0.036562,0.067376,0.000000,0.067376,0.028390,0.000000,0.028390,-0.088823,0.000000,-0.088823,0.232411,0.000000,0.232411
0.573584,-0.107675,-0.006800,-0.100875,-0.212064,-0.620073,0.408009,-0.096334,-0.004217,-0.092117,-1.332757,-2.121965,0.789208,-0.034316,-0.006524,-0.027793,1.112623,1.196444,-0.083820,0.517226,0.743433,-0.226207,-0.169823,-0.031604,-0.138219,-0.041029,1.284635,-1.325664,-0.198473,-0.009204,-0.189269,-0.248770,1.826898,-2.075668,-0.049400,-0.012989,-0.036411,0.213794,-2.351662,2.565456,-0.376041,-0.012025,-0.364016,0.058935,0.000000,0.058935,0.191647,0.000000,0.191647,0.052853,0.000000,0.052853,-0.030937,0.000000,-0.030937,0.027197,0.000000,0.027197,0.016878,0.000000,0.016878,0.214533,0.000000,0.214533
0.583455,-0.109349,-0.006800,-0.102549,-0.212461,-0.620073,0.407612,-0.098290,-0.004217,-0.094074,-1.335216,-2.121965,0.786749,-0.034803,-0.006524,-0.028279,1.114736,1.196444,-0.081707,0.513524,0.743433,-0.229908,-0.169299,-0.031604,-0.137695,-0.039490,1.284635,-1.324125,-0.197873,-0.009204,-0.188669,-0.249551,1.826898,-2.076449,-0.049137,-0.012989,-0.036148,0.214472,-2.351662,2.566134,-0.374010,-0.012025,-0.361985,0.047240,0.000000,0.047240,0.120089,0.000000,0.120089,0.068834,0.000000,0.068834,-0.127378,0.000000,-0.127378,0.026027,0.000000,0.026027,0.120567,0.000000,0.120567,0.196995,0.000000,0.196995
0.593508,-0.111048,-0.006800,-0.104248,-0.212853,-0.620073,0.407220,-0.100276,-0.004217,-0.096059,-1.337733,-2.121965,0.784232,-0.035295,-0.006524,-0.028772,1.116900,1.196444,-0.079543,0.509774,0.743433,-0.233658,-0.168884,-0.031604,-0.137280,-0.038649,1.284635,-1.323284,-0.197099,-0.009204,-0.187895,-0.251325,1.826898,-2.078223,-0.048882,-0.012989,-0.035892,0.216215,-2.351662,2.567877,-0.372119,-0.012025,-0.360094,0.035330,0.000000,0.035330,0.047218,0.000000,0.047218,0.085108,0.000000,0.085108,-0.225589,0.000000,-0.225589,0.024835,0.000000,0.024835,0.226159,0.000000,0.226159,0.179135,0.000000,0.179135
0.603469,-0.112729,-0.006800,-0.105929,-0.213237,-0.620073,0.406836,-0.102235,-0.004217,-0.098018,-1.340249,-2.121965,0.781716,-0.035781,-0.006524,-0.029257,1.119067,1.196444,-0.077377,0.506076,0.743433,-0.237357,-0.168591,-0.031604,-0.136987,-0.038538,1.284635,-1.323174,-0.196171,-0.009204,-0.186967,-0.254057,1.826898,-2.080955,-0.048640,-0.012989,-0.035651,0.218989,-2.351662,2.570651,-0.370423,-0.012025,-0.358398,0.023529,0.000000,0.023529,-0.024989,0.000000,-0.024989,0.101234,0.000000,0.101234,-0.322905,0.000000,-0.322905,0.023654,0.000000,0.023654,0.330789,0.000000,0.330789,0.161438,0.000000,0.161438
0.613686,-0.114451,-0.006800,-0.107650,-0.213633,-0.620073,0.406440,-0.104233,-0.004217,-0.100017,-1.342863,-2.121965,0.779102,-0.036277,-0.006524,-0.029753,1.121323,1.196444,-0.075120,0.502300,0.743433,-0.241133,-0.168413,-0.031604,-0.136808,-0.039172,1.284635,-1.323807,-0.195052,-0.009204,-0.185848,-0.257866,1.826898,-2.084764,-0.048405,-0.012989,-0.035415,0.222917,-2.351662,2.574579,-0.368866,-0.012025,-0.356841,0.011424,0.000000,0.011424,-0.099054,0.000000,-0.099054,0.117775,0.000000,0.117775,-0.422725,0.000000,-0.422725,0.022443,0.000000,0.022443,0.438111,0.000000,0.438111,0.143286,0.000000,0.143286
0.623460,-0.116096,-0.006800,-0.109296,-0.214022,-0.620073,0.406051,-0.106134,-0.004217,-0.101917,-1.345406,-2.121965,0.776559,-0.036749,-0.006524,-0.030225,1.123525,1.196444,-0.072919,0.498701,0.743433,-0.244732,-0.168358,-0.031604,-0.136753,-0.040486,1.284635,-1.325122,-0.193824,-0.009204,-0.184620,-0.262465,1.826898,-2.089363,-0.048191,-0.012989,-0.035202,0.227701,-2.351662,2.579363,-0.367550,-0.012025,-0.355526,-0.000156,0.000000,-0.000156,-0.169907,0.000000,-0.169907,0.133599,0.000000,0.133599,-0.518217,0.000000,-0.518217,0.021284,0.000000,0.021284,0.540779,0.000000,0.540779,0.125921,0.000000,0.125921
0.633440,-0.117777,-0.006800,-0.110977,-0.214436,-0.620073,0.405638,-0.108061,-0.004217,-0.103845,-1.348052,-2.121965,0.773913,-0.037229,-0.006524,-0.030705,1.125826,1.196444,-0.070618,0.495039,0.743433,-0.248394,-0.168393,-0.031604,-0.136789,-0.042470,1.284635,-1.327105,-0.192435,-0.009204,-0.183231,-0.268021,1.826898,-2.094919,-0.047986,-0.012989,-0.034996,0.233515,-2.351662,2.585178,-0.366361,-0.012025,-0.354336,0.001322,0.000000,0.001322,-0.202787,0.000000,-0.202787,0.136084,0.000000,0.136084,-0.560611,0.000000,-0.560611,0.019377,0.000000,0.019377,0.588850,0.000000,0.588850,0.119450,0.000000,0.119450
0.643477,-0.119466,-0.006800,-0.112666,-0.214872,-0.620073,0.405202,-0.109986,-0.004217,-0.105770,-1.350770,-2.121965,0.771195,-0.037710,-0.006524,-0.031186,1.128199,1.196444,-0.068245,0.491368,0.743433,-0.252065,-0.168259,-0.031604,-0.136655,-0.044335,1.284635,-1.328970,-0.191173,-0.009204,-0.181969,-0.273392,1.826898,-2.100290,-0.047807,-0.012989,-0.034818,0.239185,-2.351662,2.590847,-0.365099,-0.012025,-0.353074,0.025394,0.000000,0.025394,-0.168854,0.000000,-0.168854,0.115371,0.000000,0.115371,-0.509691,0.000000,-0.509691,0.016228,0.000000,0.016228,0.540836,0.000000,0.540836,0.132057,0.000000,0.132057
0.653429,-0.121139,-0.006800,-0.114339,-0.215321,-0.620073,0.404753,-0.111883,-0.004217,-0.107667,-1.353515,-2.121965,0.768450,-0.038185,-0.006524,-0.031661,1.130605,1.196444,-0.065839,0.487741,0.743433,-0.255692,-0.167888,-0.031604,-0.136283,-0.045848,1.284635,-1.330483,-0.190127,-0.009204,-0.180923,-0.278213,1.826898,-2.105111,-0.047661,-0.012989,-0.034672,0.244330,-2.351662,2.595992,-0.363723,-0.012025,-0.351698,0.049258,0.000000,0.049258,-0.135213,0.000000,-0.135213,0.094837,0.000000,0.094837,-0.459209,0.000000,-0.459209,0.013106,0.000000,0.013106,0.493236,0.000000,0.493236,0.144556,0.000000,0.144556
0.663512,-0.122829,-0.006800,-0.116029,-0.215789,-0.620073,0.404284,-0.113796,-0.004217,-0.109580,-1.356343,-2.121965,0.765622,-0.038665,-0.006524,-0.032141,1.133093,1.196444,-0.063351,0.484081,0.743433,-0.259351,-0.167269,-0.031604,-0.135665,-0.047039,1.284635,-1.331675,-0.189276,-0.009204,-0.180072,-0.282585,1.826898,-2.109484,-0.047545,-0.012989,-0.034556,0.249060,-2.351662,2.600722,-0.362201,-0.012025,-0.350176,0.073440,0.000000,0.073440,-0.101126,0.000000,-0.101126,0.074030,0.000000,0.074030,-0.408056,0.000000,-0.408056,0.009943,0.000000,0.009943,0.445003,0.000000,0.445003,0.157221,0.000000,0.157221
0.673457,-0.124489,-0.006800,-0.117688,-0.216262,-0.620073,0.403812,-0.115675,-0.004217,-0.111459,-1.359172,-2.121965,0.762793,-0.039137,-0.006524,-0.032613,1.135591,1.196444,-0.060853,0.480487,0.743433,-0.262946,-0.166420,-0.031604,-0.134816,-0.047878,1.284635,-1.332513,-0.188642,-0.009204,-0.179438,-0.286393,1.826898,-2.113291,-0.047462,-0.012989,-0.034472,0.253249,-2.351662,2.604912,-0.360576,-0.012025,-0.348551,0.097291,0.000000,0.097291,-0.067504,0.000000,-0.067504,0.053508,0.000000,0.053508,-0.357602,0.000000,-0.357602,0.006823,0.000000,0.006823,0.397429,0.000000,0.397429,0.169713,0.000000,0.169713
0.683505,-0.126155,-0.006800,-0.119355,-0.216746,-0.620073,0.403328,-0.117568,-0.004217,-0.113352,-1.362067,-2.121965,0.759898,-0.039614,-0.006524,-0.033090,1.138155,1.196444,-0.058289,0.476873,0.743433,-0.266560,-0.165322,-0.031604,-0.133717,-0.048386,1.284635,-1.333021,-0.188208,-0.009204,-0.179004,-0.289730,1.826898,-2.116628,-0.047409,-0.012989,-0.034420,0.257001,-2.351662,2.608663,-0.358807,-0.012025,-0.346782,0.121387,0.000000,0.121387,-0.033536,0.000000,-0.033536,0.032774,0.000000,0.032774,-0.306629,0.000000,-0.306629,0.003671,0.000000,0.003671,0.349365,0.000000,0.349365,0.182334,0.000000,0.182334
0.693558,-0.127811,-0.006800,-0.121011,-0.217233,-0.620073,0.402840,-0.119459,-0.004217,-0.115242,-1.364995,-2.121965,0.756970,-0.040090,-0.006524,-0.033566,1.140755,1.196444,-0.055688,0.473275,0.743433,-0.270158,-0.163980,-0.031604,-0.132376,-0.048552,1.284635,-1.333187,-0.187983,-0.009204,-0.178779,-0.292556,1.826898,-2.119454,-0.047388,-0.012989,-0.034399,0.260272,-2.351662,2.611934,-0.356911,-0.012025,-0.344886,0.145496,0.000000,0.145496,0.000450,0.000000,0.000450,0.012029,0.000000,0.012029,-0.255629,0.000000,-0.255629,0.000517,0.000000,0.000517,0.301277,0.000000,0.301277,0.194961,0.000000,0.194961
0.703493,-0.129432,-0.006800,-0.122632,-0.217715,-0.620073,0.402358,-0.121326,-0.004217,-0.117110,-1.367913,-2.121965,0.754052,-0.040561,-0.006524,-0.034037,1.143355,1.196444,-0.053088,0.469739,0.743433,-0.273694,-0.162434,-0.031604,-0.130829,-0.048396,1.284635,-1.333031,-0.187951,-0.009204,-0.178747,-0.294869,1.826898,-2.121767,-0.047395,-0.012989,-0.034405,0.263050,-2.351662,2.614712,-0.354920,-0.012025,-0.342895,0.159982,0.000000,0.159982,0.025736,0.000000,0.025736,-0.000949,0.000000,-0.000949,-0.217713,0.000000,-0.217713,-0.000646,0.000000,-0.000646,0.265001,0.000000,0.265001,0.202955,0.000000,0.202955
0.713427,-0.131038,-0.006800,-0.124238,-0.218194,-0.620073,0.401879,-0.123194,-0.004217,-0.118977,-1.370853,-2.121965,0.751112,-0.041032,-0.006524,-0.034508,1.145981,1.196444,-0.050462,0.466223,0.743433,-0.277210,-0.160850,-0.031604,-0.129245,-0.048083,1.284635,-1.332719,-0.187963,-0.009204,-0.178759,-0.296946,1.826898,-2.123844,-0.047391,-0.012989,-0.034401,0.265595,-2.351662,2.617257,-0.352901,-0.012025,-0.340876,0.158928,0.000000,0.158928,0.037212,0.000000,0.037212,-0.001412,0.000000,-0.001412,-0.200571,0.000000,-0.200571,0.001443,0.000000,0.001443,0.247443,0.000000,0.247443,0.203487,0.000000,0.203487
0.723427,-0.132639,-0.006800,-0.125839,-0.218673,-0.620073,0.401400,-0.125073,-0.004217,-0.120857,-1.373832,-2.121965,0.748133,-0.041505,-0.006524,-0.034982,1.148649,1.196444,-0.047795,0.462705,0.743433,-0.280728,-0.159266,-0.031604,-0.127661,-0.047654,1.284635,-1.332289,-0.187979,-0.009204,-0.178775,-0.298866,1.826898,-2.125764,-0.047366,-0.012989,-0.034376,0.267981,-2.351662,2.619643,-0.350864,-0.012025,-0.338839,0.157866,0.000000,0.157866,0.048762,0.000000,0.048762,-0.001877,0.000000,-0.001877,-0.183316,0.000000,-0.183316,0.003546,0.000000,0.003546,0.229769,0.000000,0.229769,0.204021,0.000000,0.204021
0.733427,-0.134224,-0.006800,-0.127424,-0.219147,-0.620073,0.400926,-0.126953,-0.004217,-0.122737,-1.376829,-2.121965,0.745136,-0.041979,-0.006524,-0.035455,1.151340,1.196444,-0.045103,0.459206,0.743433,-0.284227,-0.157692,-0.031604,-0.126088,-0.047108,1.284635,-1.331744,-0.188000,-0.009204,-0.178797,-0.300613,1.826898,-2.127511,-0.047320,-0.012989,-0.034330,0.270190,-2.351662,2.621853,-0.348821,-0.012025,-0.336796,0.156805,0.000000,0.156805,0.060314,0.000000,0.060314,-0.002343,0.000000,-0.002343,-0.166060,0.000000,-0.166060,0.005648,0.000000,0.005648,0.212094,0.000000,0.212094,0.204556,0.000000,0.204556
0.743451,-0.135796,-0.006800,-0.128996,-0.219616,-0.620073,0.400457,-0.128838,-0.004217,-0.124621,-1.379851,-2.121965,0.742114,-0.042453,-0.006524,-0.035929,1.154059,1.196444,-0.042385,0.455720,0.743433,-0.287713,-0.156126,-0.031604,-0.124522,-0.046446,1.284635,-1.331081,-0.188026,-0.009204,-0.178822,-0.302190,1.826898,-2.129089,-0.047253,-0.012989,-0.034263,0.272228,-2.351662,2.623890,-0.346768,-0.012025,-0.334743,0.155741,0.000000,0.155741,0.071893,0.000000,0.071893,-0.002809,0.000000,-0.002809,-0.148764,0.000000,-0.148764,0.007756,0.000000,0.007756,0.194377,0.000000,0.194377,0.205093,0.000000,0.205093
0.753428,-0.137346,-0.006800,-0.130546,-0.220075,-0.620073,0.399998,-0.130714,-0.004217,-0.126497,-1.382873,-2.121965,0.739092,-0.042924,-0.006524,-0.036400,1.156784,1.196444,-0.039659,0.452270,0.743433,-0.291163,-0.154577,-0.031604,-0.122973,-0.045671,1.284635,-1.330306,-0.188057,-0.009204,-0.178853,-0.303589,1.826898,-2.130487,-0.047165,-0.012989,-0.034175,0.274079,-2.351662,2.625741,-0.344719,-0.012025,-0.332694,0.154682,0.000000,0.154682,0.083418,0.000000,0.083418,-0.003274,0.000000,-0.003274,-0.131548,0.000000,-0.131548,0.009854,0.000000,0.009854,0.176743,0.000000,0.176743,0.205626,0.000000,0.205626
0.763524,-0.138899,-0.006800,-0.132099,-0.220532,-0.620073,0.399541,-0.132613,-0.004217,-0.128396,-1.385944,-2.121965,0.736021,-0.043400,-0.006524,-0.036876,1.159560,1.196444,-0.036884,0.448801,0.743433,-0.294632,-0.153021,-0.031604,-0.121417,-0.044770,1.284635,-1.329405,-0.188092,-0.009204,-0.178888,-0.304829,1.826898,-2.131727,-0.047055,-0.012989,-0.034065,0.275773,-2.351662,2.627435,-0.342640,-0.012025,-0.330615,0.153610,0.000000,0.153610,0.095079,0.000000,0.095079,-0.003744,0.000000,-0.003744,-0.114127,0.000000,-0.114127,0.011977,0.000000,0.011977,0.158899,0.000000,0.158899,0.206167,0.000000,0.206167
0.773448,-0.140410,-0.006800,-0.133610,-0.220972,-0.620073,0.399102,-0.134479,-0.004217,-0.130263,-1.388975,-2.121965,0.732990,-0.043866,-0.006524,-0.037342,1.162304,1.196444,-0.034139,0.445410,0.743433,-0.298022,-0.151502,-0.031604,-0.119898,-0.043769,1.284635,-1.328405,-0.188132,-0.009204,-0.178928,-0.305877,1.826898,-2.132775,-0.046925,-0.012989,-0.033936,0.277263,-2.351662,2.628925,-0.340591,-0.012025,-0.328566,0.152557,0.000000,0.152557,0.106543,0.000000,0.106543,-0.004206,0.000000,-0.004206,-0.097003,0.000000,-0.097003,0.014063,0.000000,0.014063,0.141359,0.000000,0.141359,0.206697,0.000000,0.206697
0.783577,-0.141937,-0.006800,-0.135137,-0.221409,-0.620073,0.398664,-0.136385,-0.004217,-0.132169,-1.392078,-2.121965,0.729887,-0.044340,-0.006524,-0.037817,1.165120,1.196444,-0.031324,0.441971,0.743433,-0.301462,-0.149963,-0.031604,-0.118358,-0.042632,1.284635,-1.327268,-0.188176,-0.009204,-0.178972,-0.306772,1.826898,-2.133671,-0.046772,-0.012989,-0.033783,0.278606,-2.351662,2.630268,-0.338495,-0.012025,-0.326470,0.150798,0.000000,0.150798,0.115965,0.000000,0.115965,-0.003838,0.000000,-0.003838,-0.082659,0.000000,-0.082659,0.016042,0.000000,0.016042,0.126751,0.000000,0.126751,0.206977,0.000000,0.206977
0.793548,-0.143425,-0.006800,-0.136625,-0.221829,-0.620073,0.398245,-0.138262,-0.004217,-0.134045,-1.395141,-2.121965,0.726824,-0.044806,-0.006524,-0.038282,1.167904,1.196444,-0.028539,0.438606,0.743433,-0.304827,-0.148493,-0.031604,-0.116889,-0.041515,1.284635,-1.326150,-0.188181,-0.009204,-0.178977,-0.307644,1.826898,-2.134542,-0.046608,-0.012989,-0.033619,0.279922,-2.351662,2.631584,-0.336440,-0.012025,-0.324415,0.143927,0.000000,0.143927,0.108118,0.000000,0.108118,0.002836,0.000000,0.002836,-0.092094,0.000000,-0.092094,0.016850,0.000000,0.016850,0.137140,0.000000,0.137140,0.205279,0.000000,0.205279
0.803832,-0.144944,-0.006800,-0.138144,-0.222250,-0.620073,0.397823,-0.140197,-0.004217,-0.135980,-1.398309,-2.121965,0.723656,-0.045284,-0.006524,-0.038761,1.170790,1.196444,-0.025653,0.435157,0.743433,-0.308276,-0.147050,-0.031604,-0.115445,-0.040445,1.284635,-1.325080,-0.188116,-0.009204,-0.178912,-0.308641,1.826898,-2.135539,-0.046431,-0.012989,-0.033441,0.281387,-2.351662,2.633049,-0.334338,-0.012025,-0.322313,0.136840,0.000000,0.136840,0.100024,0.000000,0.100024,0.009719,0.000000,0.009719,-0.101825,0.000000,-0.101825,0.017684,0.000000,0.017684,0.147854,0.000000,0.147854,0.203528,0.000000,0.203528
0.813418,-0.146348,-0.006800,-0.139548,-0.222633,-0.620073,0.397440,-0.141999,-0.004217,-0.137783,-1.401273,-2.121965,0.720692,-0.045729,-0.006524,-0.039205,1.173495,1.196444,-0.022949,0.431961,0.743433,-0.311471,-0.145769,-0.031604,-0.114165,-0.039522,1.284635,-1.324157,-0.187993,-0.009204,-0.178789,-0.309660,1.826898,-2.136559,-0.046257,-0.012989,-0.033268,0.282852,-2.351662,2.634515,-0.332395,-0.012025,-0.320370,0.130234,0.000000,0.130234,0.092480,0.000000,0.092480,0.016135,0.000000,0.016135,-0.110895,0.000000,-0.110895,0.018461,0.000000,0.018461,0.157842,0.000000,0.157842,0.201896,0.000000,0.201896
0.823516,-0.147813,-0.006800,-0.141013,-0.223028,-0.620073,0.397046,-0.143897,-0.004217,-0.139680,-1.404406,-2.121965,0.717559,-0.046195,-0.006524,-0.039671,1.176359,1.196444,-0.020085,0.428615,0.743433,-0.314818,-0.144489,-0.031604,-0.112885,-0.038628,1.284635,-1.323264,-0.187796,-0.009204,-0.178592,-0.310828,1.826898,-2.137727,-0.046067,-0.012989,-0.033077,0.284499,-2.351662,2.636162,-0.330365,-0.012025,-0.318340,0.123276,0.000000,0.123276,0.084532,0.000000,0.084532,0.022894,0.000000,0.022894,-0.120450,0.000000,-0.120450,0.019280,0.000000,0.019280,0.168363,0.000000,0.168363,0.200176,0.000000,0.200176
0.833570,-0.149260,-0.006800,-0.142460,-0.223412,-0.620073,0.396661,-0.145784,-0.004217,-0.141567,-1.407537,-2.121965,0.714428,-0.046657,-0.006524,-0.040133,1.179228,1.196444,-0.017215,0.425304,0.743433,-0.318129,-0.143285,-0.031604,-0.111680,-0.037818,1.284635,-1.322454,-0.187532,-0.009204,-0.178328,-0.312087,1.826898,-2.138985,-0.045869,-0.012989,-0.032879,0.286245,-2.351662,2.637907,-0.328361,-0.012025,-0.316336,0.116348,0.000000,0.116348,0.076619,0.000000,0.076619,0.029623,0.000000,0.029623,-0.129964,0.000000,-0.129964,0.020096,0.000000,0.020096,0.178838,0.000000,0.178838,0.198464,0.000000,0.198464
0.843592,-0.150690,-0.006800,-0.143890,-0.223787,-0.620073,0.396286,-0.147661,-0.004217,-0.143445,-1.410671,-2.121965,0.711294,-0.047116,-0.006524,-0.040592,1.182106,1.196444,-0.014338,0.422023,0.743433,-0.321410,-0.142153,-0.031604,-0.110549,-0.037090,1.284635,-1.321725,-0.187201,-0.009204,-0.177997,-0.313437,1.826898,-2.140335,-0.045663,-0.012989,-0.032674,0.288089,-2.351662,2.639752,-0.326380,-0.012025,-0.314355,0.109441,0.000000,0.109441,0.068732,0.000000,0.068732,0.036331,0.000000,0.036331,-0.139447,0.000000,-0.139447,0.020908,0.000000,0.020908,0.189280,0.000000,0.189280,0.196758,0.000000,0.196758
0.853429,-0.152083,-0.006800,-0.145283,-0.224149,-0.620073,0.395924,-0.149501,-0.004217,-0.145285,-1.413762,-2.121965,0.708203,-0.047564,-0.006524,-0.041040,1.184949,1.196444,-0.011494,0.418822,0.743433,-0.324611,-0.141110,-0.031604,-0.109506,-0.036452,1.284635,-1.321087,-0.186811,-0.009204,-0.177607,-0.314855,1.826898,-2.141753,-0.045454,-0.012989,-0.032464,0.290002,-2.351662,2.641664,-0.324453,-0.012025,-0.312428,0.102663,0.000000,0.102663,0.060990,0.000000,0.060990,0.042915,0.000000,0.042915,-0.148756,0.000000,-0.148756,0.021706,0.000000,0.021706,0.199529,0.000000,0.199529,0.195083,0.000000,0.195083
0.863430,-0.153490,-0.006800,-0.146689,-0.224511,-0.620073,0.395563,-0.151367,-0.004217,-0.147151,-1.416918,-2.121965,0.705047,-0.048017,-0.006524,-0.041494,1.187860,1.196444,-0.008584,0.415587,0.743433,-0.327846,-0.140118,-0.031604,-0.108513,-0.035881,1.284635,-1.320517,-0.186349,-0.009204,-0.177145,-0.316390,1.826898,-2.143288,-0.045233,-0.012989,-0.032243,0.292049,-2.351662,2.643712,-0.322510,-0.012025,-0.310485,0.095771,0.000000,0.095771,0.053119,0.000000,0.053119,0.049609,0.000000,0.049609,-0.158219,0.000000,-0.158219,0.022517,0.000000,0.022517,0.209949,0.000000,0.209949,0.193380,0.000000,0.193380
0.873455,-0.154890,-0.006800,-0.148089,-0.224868,-0.620073,0.395206,-0.153233,-0.004217,-0.149016,-1.420098,-2.121965,0.701867,-0.048470,-0.006524,-0.041946,1.190798,1.196444,-0.005645,0.412363,0.743433,-0.331070,-0.139192,-0.031604,-0.107588,-0.035388,1.284635,-1.320024,-0.185818,-0.009204,-0.176614,-0.318024,1.826898,-2.144922,-0.045003,-0.012989,-0.032013,0.294207,-2.351662,2.645869,-0.320580,-0.012025,-0.308555,0.088862,0.000000,0.088862,0.045229,0.000000,0.045229,0.056319,0.000000,0.056319,-0.167705,0.000000,-0.167705,0.023330,0.000000,0.023330,0.220394,0.000000,0.220394,0.191673,0.000000,0.191673
0.883428,-0.156273,-0.006800,-0.149473,-0.225219,-0.620073,0.394855,-0.155083,-0.004217,-0.150866,-1.423278,-2.121965,0.698687,-0.048917,-0.006524,-0.042394,1.193743,1.196444,-0.002700,0.409176,0.743433,-0.334257,-0.138340,-0.031604,-0.106736,-0.034976,1.284635,-1.319612,-0.185223,-0.009204,-0.176019,-0.319743,1.826898,-2.146641,-0.044766,-0.012989,-0.031777,0.296456,-2.351662,2.648119,-0.318677,-0.012025,-0.306652,0.081990,0.000000,0.081990,0.037380,0.000000,0.037380,0.062994,0.000000,0.062994,-0.177142,0.000000,-0.177142,0.024139,0.000000,0.024139,0.230784,0.000000,0.230784,0.189975,0.000000,0.189975
0.893475,-0.157659,-0.006800,-0.150859,-0.225568,-0.620073,0.394505,-0.156941,-0.004217,-0.152724,-1.426500,-2.121965,0.695465,-0.049366,-0.006524,-0.042842,1.196734,1.196444,0.000290,0.405983,0.743433,-0.337449,-0.137551,-0.031604,-0.105947,-0.034640,1.284635,-1.319276,-0.184556,-0.009204,-0.175352,-0.321570,1.826898,-2.148468,-0.044520,-0.012989,-0.031530,0.298827,-2.351662,2.650489,-0.316777,-0.012025,-0.304752,0.075485,0.000000,0.075485,0.030150,0.000000,0.030150,0.069302,0.000000,0.069302,-0.185718,0.000000,-0.185718,0.024934,0.000000,0.024934,0.240279,0.000000,0.240279,0.188389,0.000000,0.188389
0.903477,-0.159031,-0.006800,-0.152231,-0.225913,-0.620073,0.394160,-0.158783,-0.004217,-0.154566,-1.429725,-2.121965,0.692240,-0.049810,-0.006524,-0.043286,1.199735,1.196444,0.003291,0.402824,0.743433,-0.340608,-0.136799,-0.031604,-0.105195,-0.034327,1.284635,-1.318962,-0.183861,-0.009204,-0.174657,-0.323404,1.826898,-2.150303,-0.044268,-0.012989,-0.031278,0.301209,-2.351662,2.652871,-0.314892,-0.012025,-0.302867,0.074940,0.000000,0.074940,0.032562,0.000000,0.032562,0.069661,0.000000,0.069661,-0.181050,0.000000,-0.181050,0.025457,0.000000,0.025457,0.235925,0.000000,0.235925,0.188580,0.000000,0.188580
0.913495,-0.160398,-0.006800,-0.153598,-0.226255,-0.620073,0.393818,-0.160621,-0.004217,-0.156405,-1.432974,-2.121965,0.688991,-0.050252,-0.006524,-0.043728,1.202764,1.196444,0.006320,0.399679,0.743433,-0.343754,-0.136051,-0.031604,-0.104447,-0.033988,1.284635,-1.318624,-0.183161,-0.009204,-0.173957,-0.325195,1.826898,-2.152093,-0.044010,-0.012989,-0.031020,0.303551,-2.351662,2.655213,-0.313002,-0.012025,-0.300977,0.074393,0.000000,0.074393,0.034978,0.000000,0.034978,0.070021,0.000000,0.070021,-0.176374,0.000000,-0.176374,0.025981,0.000000,0.025981,0.231565,0.000000,0.231565,0.188771,0.000000,0.188771
0.923438,-0.161747,-0.006800,-0.154947,-0.226592,-0.620073,0.393482,-0.162439,-0.004217,-0.158223,-1.436216,-2.121965,0.685749,-0.050688,-0.006524,-0.044165,1.205793,1.196444,0.009350,0.396576,0.743433,-0.346856,-0.135314,-0.031604,-0.103710,-0.033629,1.284635,-1.318264,-0.182463,-0.009204,-0.173259,-0.326925,1.826898,-2.153824,-0.043749,-0.012989,-0.030760,0.305831,-2.351662,2.657494,-0.311124,-0.012025,-0.299099,0.073851,0.000000,0.073851,0.037375,0.000000,0.037375,0.070379,0.000000,0.070379,-0.171733,0.000000,-0.171733,0.026501,0.000000,0.026501,0.227237,0.000000,0.227237,0.188961,0.000000,0.188961
0.933476,-0.163102,-0.006800,-0.156302,-0.226927,-0.620073,0.393146,-0.164267,-0.004217,-0.160051,-1.439506,-2.121965,0.682459,-0.051126,-0.006524,-0.044602,1.208875,1.196444,0.012431,0.393463,0.743433,-0.349970,-0.134576,-0.031604,-0.102971,-0.033241,1.284635,-1.317877,-0.181755,-0.009204,-0.172551,-0.328626,1.826898,-2.155524,-0.043480,-0.012989,-0.030491,0.308090,-2.351662,2.659753,-0.309226,-0.012025,-0.297201,0.073304,0.000000,0.073304,0.039796,0.000000,0.039796,0.070739,0.000000,0.070739,-0.167048,0.000000,-0.167048,0.027026,0.000000,0.027026,0.222867,0.000000,0.222867,0.189152,0.000000,0.189152
0.943592,-0.164459,-0.006800,-0.157659,-0.227261,-0.620073,0.392812,-0.166102,-0.004217,-0.161886,-1.442839,-2.121965,0.679126,-0.051565,-0.006524,-0.045041,1.212003,1.196444,0.015559,0.390344,0.743433,-0.353088,-0.133837,-0.031604,-0.102232,-0.032826,1.284635,-1.317462,-0.181038,-0.009204,-0.171834,-0.330292,1.826898,-2.157190,-0.043204,-0.012989,-0.030215,0.310323,-2.351662,2.661985,-0.307312,-0.012025,-0.295287,0.072752,0.000000,0.072752,0.042235,0.000000,0.042235,0.071103,0.000000,0.071103,-0.162327,0.000000,-0.162327,0.027554,0.000000,0.027554,0.218464,0.000000,0.218464,0.189345,0.000000,0.189345
0.953427,-0.165772,-0.006800,-0.158972,-0.227582,-0.620073,0.392491,-0.167879,-0.004217,-0.163663,-1.446095,-2.121965,0.675870,-0.051988,-0.006524,-0.045464,1.215065,1.196444,0.018622,0.387331,0.743433,-0.356102,-0.133124,-0.031604,-0.101519,-0.032399,1.284635,-1.317035,-0.180337,-0.009204,-0.171133,-0.331866,1.826898,-2.158764,-0.042931,-0.012989,-0.029941,0.312450,-2.351662,2.664112,-0.305448,-0.012025,-0.293424,0.072216,0.000000,0.072216,0.044606,0.000000,0.044606,0.071456,0.000000,0.071456,-0.157737,0.000000,-0.157737,0.028069,0.000000,0.028069,0.214183,0.000000,0.214183,0.189533,0.000000,0.189533
0.963474,-0.167106,-0.006800,-0.160306,-0.227905,-0.620073,0.392168,-0.169687,-0.004217,-0.165471,-1.449438,-2.121965,0.672527,-0.052418,-0.006524,-0.045894,1.218215,1.196444,0.021772,0.384272,0.743433,-0.359161,-0.132401,-0.031604,-0.100797,-0.031939,1.284635,-1.316574,-0.179617,-0.009204,-0.170413,-0.333427,1.826898,-2.160325,-0.042646,-0.012989,-0.029657,0.314580,-2.351662,2.666242,-0.303543,-0.012025,-0.291518,0.071668,0.000000,0.071668,0.047029,0.000000,0.047029,0.071817,0.000000,0.071817,-0.153047,0.000000,-0.153047,0.028594,0.000000,0.028594,0.209810,0.000000,0.209810,0.189725,0.000000,0.189725
0.973462,-0.168425,-0.006800,-0.161625,-0.228222,-0.620073,0.391851,-0.171478,-0.004217,-0.167261,-1.452775,-2.121965,0.669190,-0.052843,-0.006524,-0.046319,1.221367,1.196444,0.024924,0.381250,0.743433,-0.362183,-0.131688,-0.031604,-0.100084,-0.031457,1.284635,-1.316093,-0.178898,-0.009204,-0.169694,-0.334932,1.826898,-2.161830,-0.042358,-0.012989,-0.029368,0.316654,-2.351662,2.668316,-0.301647,-0.012025,-0.289622,0.071124,0.000000,0.071124,0.049438,0.000000,0.049438,0.072176,0.000000,0.072176,-0.148386,0.000000,-0.148386,0.029116,0.000000,0.029116,0.205463,0.000000,0.205463,0.189916,0.000000,0.189916
0.983433,-0.169734,-0.006800,-0.162934,-0.228533,-0.620073,0.391540,-0.173258,-0.004217,-0.169042,-1.456122,-2.121965,0.665843,-0.053263,-0.006524,-0.046740,1.224535,1.196444,0.028092,0.378251,0.743433,-0.365181,-0.130982,-0.031604,-0.099377,-0.030952,1.284635,-1.315588,-0.178176,-0.009204,-0.168972,-0.336389,1.826898,-2.163287,-0.042065,-0.012989,-0.029076,0.318681,-2.351662,2.670343,-0.299753,-0.012025,-0.287728,0.070580,0.000000,0.070580,0.051842,0.000000,0.051842,0.072535,0.000000,0.072535,-0.143732,0.000000,-0.143732,0.029637,0.000000,0.029637,0.201122,0.000000,0.201122,0.190106,0.000000,0.190106
0.993480,-0.171047,-0.006800,-0.164247,-0.228841,-0.620073,0.391232,-0.175044,-0.004217,-0.170828,-1.459509,-2.121965,0.662456,-0.053685,-0.006524,-0.047161,1.227747,1.196444,0.031303,0.375249,0.743433,-0.368183,-0.130275,-0.031604,-0.098671,-0.030419,1.284635,-1.315055,-0.177446,-0.009204,-0.168242,-0.337809,1.826898,-2.164707,-0.041765,-0.012989,-0.028775,0.320680,-2.351662,2.672342,-0.297842,-0.012025,-0.285817,0.070032,0.000000,0.070032,0.054265,0.000000,0.054265,0.072896,0.000000,0.072896,-0.139043,0.000000,-0.139043,0.030162,0.000000,0.030162,0.196749,0.000000,0.196749,0.190298,0.000000,0.190298
1.003547,-0.172355,-0.006800,-0.165555,-0.229145,-0.620073,0.390928,-0.176827,-0.004217,-0.172611,-1.462917,-2.121965,0.659048,-0.054104,-0.006524,-0.047580,1.230985,1.196444,0.034542,0.372261,0.743433,-0.371172,-0.129573,-0.031604,-0.097968,-0.029861,1.284635,-1.314496,-0.176710,-0.009204,-0.167506,-0.339185,1.826898,-2.166083,-0.041458,-0.012989,-0.028469,0.322638,-2.351662,2.674301,-0.295925,-0.012025,-0.283900,0.069483,0.000000,0.069483,0.056692,0.000000,0.056692,0.073258,0.000000,0.073258,-0.134344,0.000000,-0.134344,0.030689,0.000000,0.030689,0.192367,0.000000,0.192367,0.190490,0.000000,0.190490
1.013423,-0.173631,-0.006800,-0.166831,-0.229437,-0.620073,0.390636,-0.178569,-0.004217,-0.174352,-1.466273,-2.121965,0.655692,-0.054511,-0.006524,-0.047988,1.234181,1.196444,0.037737,0.369347,0.743433,-0.374086,-0.128889,-0.031604,-0.097285,-0.029289,1.284635,-1.313925,-0.175985,-0.009204,-0.166781,-0.340489,1.826898,-2.167387,-0.041153,-0.012989,-0.028163,0.324517,-2.351662,2.676179,-0.294043,-0.012025,-0.282018,0.068945,0.000000,0.068945,0.059074,0.000000,0.059074,0.073613,0.000000,0.073613,-0.129734,0.000000,-0.129734,0.031205,0.000000,0.031205,0.188068,0.000000,0.188068,0.190679,0.000000,0.190679
1.023634,-0.174943,-0.006800,-0.168143,-0.229733,-0.620073,0.390340,-0.180362,-0.004217,-0.176145,-1.469757,-2.121965,0.652208,-0.054930,-0.006524,-0.048406,1.237504,1.196444,0.041061,0.366355,0.743433,-0.377078,-0.128188,-0.031604,-0.096584,-0.028673,1.284635,-1.313309,-0.175231,-0.009204,-0.166027,-0.341790,1.826898,-2.168688,-0.040831,-0.012989,-0.027842,0.326415,-2.351662,2.678077,-0.292095,-0.012025,-0.280070,0.068388,0.000000,0.068388,0.061536,0.000000,0.061536,0.073980,0.000000,0.073980,-0.124968,0.000000,-0.124968,0.031739,0.000000,0.031739,0.183624,0.000000,0.183624,0.190874,0.000000,0.190874
1.034001,-0.176269,-0.006800,-0.169469,-0.230027,-0.620073,0.390046,-0.182175,-0.004217,-0.177958,-1.473307,-2.121965,0.648658,-0.055352,-0.006524,-0.048828,1.240898,1.196444,0.044454,0.363337,0.743433,-0.380096,-0.127482,-0.031604,-0.095878,-0.028030,1.284635,-1.312665,-0.174462,-0.009204,-0.165258,-0.343071,1.826898,-2.169969,-0.040500,-0.012989,-0.027511,0.328306,-2.351662,2.679968,-0.290117,-0.012025,-0.278092,0.067816,0.000000,0.067816,0.062207,0.000000,0.062207,0.074519,0.000000,0.074519,-0.122799,0.000000,-0.122799,0.032046,0.000000,0.032046,0.181766,0.000000,0.181766,0.190698,0.000000,0.190698
1.043493,-0.177476,-0.006800,-0.170676,-0.230290,-0.620073,0.389783,-0.183827,-0.004217,-0.179611,-1.476569,-2.121965,0.645396,-0.055735,-0.006524,-0.049211,1.244023,1.196444,0.047579,0.360592,0.743433,-0.382841,-0.126841,-0.031604,-0.095236,-0.027439,1.284635,-1.312074,-0.173752,-0.009204,-0.164548,-0.344230,1.826898,-2.171129,-0.040195,-0.012989,-0.027206,0.330026,-2.351662,2.681688,-0.288308,-0.012025,-0.276283,0.067291,0.000000,0.067291,0.062330,0.000000,0.062330,0.075058,0.000000,0.075058,-0.121528,0.000000,-0.121528,0.032265,0.000000,0.032265,0.180777,0.000000,0.180777,0.190437,0.000000,0.190437
